0.0151435,0.749493,0.68472,0.4674,0.3752,3.14441,7.86737,10.1159,12.9337,-24.6108,-16.9345,-24.6071
0.0161289,0.768225,0.645246,0.3967,0.3963,3.15669,7.85346,10.5605,12.2997,-24.3615,-16.2555,-23.7419
0.0173003,0.678408,0.475469,0.4775,0.4747,3.17854,8.54484,13.5684,14.1291,-28.1579,-18.6113,-28.1024
0.0329316,0.679598,0.227264,0.4407,0.4225,3.17481,8.50636,11.1937,12.364,-24.1753,-16.8863,-24.5714
0.0268114,0.46722,0.232401,0.4661,0.4635,3.18634,9.83263,12.8178,13.4492,-27.4217,-19.8763,-26.5874
0.0384642,0.215189,0.216762,0.4568,0.4416,3.18308,8.51621,11.8054,12.9188,-25.3314,-18.1359,-25.6218
0.0198497,0.748916,0.690909,0.4755,0.3761,3.14488,7.8981,10.1422,12.9654,-24.6333,-16.9606,-24.7136
0.0198497,0.708953,0.605604,0.4364,0.4204,3.15963,7.8829,10.7924,12.6551,-24.7769,-16.6201,-24.4168
0.0238914,0.67888,0.474027,0.4716,0.4704,3.1765,8.61427,12.1879,13.4719,-27.8755,-17.9166,-26.3019
0.0204966,0.668398,0.218572,0.4497,0.4387,3.18371,8.57839,11.3063,13.0673,-25.2557,-17.3566,-26.3325
0.0226895,0.428394,0.246763,0.4649,0.4637,3.18772,8.96302,11.8607,13.7532,-26.5607,-18.2795,-27.8295
0.0323598,0.264684,0.249822,0.4521,0.4313,3.1839,8.19094,11.2841,16.4296,-30.3294,-20.9283,-30.6594
0.0183039,0.756149,0.685266,0.4756,0.373,3.1439,7.88933,10.0985,12.8741,-24.378,-16.8285,-24.9155
0.0182019,0.746992,0.604033,0.4102,0.3958,3.16129,8.03044,10.537,12.5304,-24.2108,-16.6339,-24.2184
0.0215317,0.681297,0.460945,0.4788,0.4702,3.17752,8.96532,13.9338,15.1707,-29.8519,-19.7368,-29.8973
0.0302236,0.640241,0.197998,0.4676,0.4228,3.17929,8.43721,11.2549,12.4028,-24.2453,-16.7852,-24.8374
0.0295103,0.43004,0.214944,0.4637,0.4633,3.19026,9.53482,12.0196,13.1847,-25.9632,-18.8305,-25.9144
0.0606965,0.237337,0.210634,0.4436,0.434,3.19165,8.70083,11.3724,13.4897,-26.7489,-17.8403,-25.9256
0.0191509,0.750792,0.683504,0.4703,0.3765,3.14671,7.9544,10.1412,12.9532,-24.6572,-16.9915,-24.6447
0.0213608,0.758599,0.662117,0.4005,0.4001,3.15662,7.82602,10.6807,12.2656,-24.4898,-16.1828,-23.7457
0.0225804,0.687895,0.46622,0.4812,0.4616,3.17818,8.69062,11.7849,13.759,-27.8268,-18.1757,-26.5315
0.0221938,0.435935,0.32876,0.4792,0.4604,3.18194,9.98711,11.8316,14.0938,-27.2764,-19.1126,-27.1546
0.0339847,0.325213,0.268479,0.4768,0.4724,3.18719,8.9252,11.9587,13.9288,-26.9631,-18.4103,-27.1062
0.0640597,0.220349,0.22587,0.4391,0.4341,3.17188,8.11877,12.2811,13.0635,-25.9974,-17.1432,-25.8132
0.0212635,0.797178,0.739711,0.4726,0.3784,3.14657,7.9779,10.1607,13.1192,-24.79,-17.1115,-25.198
0.0262616,0.763398,0.642428,0.4079,0.3929,3.15627,7.79974,10.7499,12.235,-24.6881,-16.1374,-23.7301
0.0303845,0.684506,0.470716,0.482,0.4682,3.17882,8.63567,12.2403,14.6017,-28.2769,-18.9839,-28.1034
0.0250897,0.443824,0.360689,0.4722,0.4566,3.18467,9.80408,11.9505,13.9006,-27.8438,-18.8056,-26.8281
0.0310891,0.330537,0.208001,0.4595,0.4427,3.19045,8.95367,11.488,13.9112,-26.7425,-18.6352,-26.782
0.0611964,0.238193,0.218645,0.377,0.3714,3.14158,7.65166,11.3656,11.4958,-23.5391,-15.7095,-22.9398
0.0169845,0.762891,0.688481,0.4716,0.3748,3.14462,7.90577,10.1392,12.8238,-24.3102,-16.777,-25.1292
0.0210182,0.694782,0.5913,0.4368,0.422,3.15965,7.96123,10.7162,12.5463,-24.4665,-16.5659,-24.2443
0.0210973,0.673249,0.468796,0.4837,0.4753,3.17676,8.65235,12.4158,14.332,-28.0965,-18.8548,-27.7452
0.02434,0.459742,0.335026,0.4764,0.4506,3.18372,9.14736,11.3803,14.3405,-27.3996,-21.0902,-27.3121
0.0271132,0.368342,0.252484,0.4542,0.4146,3.17334,8.54305,11.0923,12.8809,-26.196,-17.1533,-24.868
0.0504013,0.246305,0.199349,0.4225,0.4023,3.18221,8.67041,11.1847,13.0093,-25.2126,-17.5118,-25.3124
0.0182685,0.696641,0.665271,0.4732,0.3774,3.14861,8.00165,10.1576,13.1634,-25.1878,-17.9708,-24.8689
0.0161759,0.702565,0.567243,0.436,0.4172,3.16507,8.15009,10.7873,12.6167,-24.4712,-16.7807,-24.4672
0.0201337,0.640944,0.422055,0.4719,0.4707,3.18115,9.78311,12.4702,14.1277,-28.5835,-19.0816,-27.4277
0.0253385,0.646818,0.198604,0.4669,0.4495,3.17982,8.48662,11.2941,13.0155,-25.267,-18.2016,-25.3924
0.0313324,0.380594,0.238609,0.4634,0.4366,3.18744,9.42604,11.6257,13.6619,-27.3591,-18.4843,-26.3074
0.0256994,0.670374,0.665538,0.4769,0.3787,3.15054,8.06384,10.1443,12.946,-24.658,-16.9994,-24.6264
0.0266307,0.713066,0.599634,0.4045,0.4039,3.15874,7.86414,10.6096,12.2195,-24.7434,-16.1566,-23.6353
0.0291307,0.660582,0.445112,0.4751,0.4747,3.18213,9.38783,13.2415,14.2089,-28.5106,-19.2091,-27.9499
0.0375937,0.645058,0.207716,0.4745,0.4391,3.17746,8.40466,11.7977,12.6962,-24.9449,-16.9792,-25.9843
0.0292398,0.312831,0.204413,0.4607,0.4447,3.19094,9.40371,11.8669,14.1749,-27.5812,-19.5054,-27.2362
0.0192202,0.73555,0.68016,0.4743,0.3803,3.14598,7.8711,10.1377,13.0466,-24.8496,-17.0796,-24.742
0.0192202,0.702599,0.576246,0.4222,0.4148,3.16897,8.10977,10.7625,12.5129,-24.3417,-16.6035,-24.2668
0.0184762,0.661313,0.430713,0.4807,0.4663,3.18304,10.2846,12.6164,13.6006,-27.2078,-18.7518,-26.7322
0.0218403,0.435361,0.339565,0.4774,0.4582,3.18525,9.85471,11.887,14.4361,-27.6025,-19.4647,-28.4253
0.0381435,0.330568,0.274294,0.4809,0.4289,3.18327,9.1567,10.9809,12.8116,-24.7414,-17.5134,-25.1294
0.0453173,0.325929,0.133448,0.4652,0.4292,3.17548,8.32036,10.9932,12.73,-24.595,-16.9694,-25.4985
0.0197085,0.751249,0.68474,0.4761,0.3795,3.14348,7.87384,10.1168,13.099,-24.7083,-17.0361,-25.7988
0.0207365,0.658943,0.433756,0.4774,0.4686,3.17986,9.45842,12.0651,14.2677,-28.1642,-19.3262,-27.4418
0.0259955,0.453791,0.371223,0.4547,0.4479,3.19213,9.01587,11.5828,13.1935,-26.2104,-17.7115,-25.594
0.0387151,0.363464,0.319999,0.4701,0.4529,3.18349,8.6457,11.5401,14.3563,-27.5328,-19.6632,-27.3979
0.0469896,0.317885,0.129776,0.4682,0.4444,3.18416,8.34418,11.3402,12.7352,-24.875,-17.0291,-24.9856
0.0603585,0.172152,0.1632,0.4727,0.4655,3.18488,9.17528,11.6739,13.2344,-25.9445,-18.0625,-25.7684
0.0286437,0.750948,0.715229,0.4801,0.3823,3.14776,7.99183,10.143,13.9821,-26.7056,-18.4149,-26.0552
0.0284387,0.764586,0.607206,0.4017,0.3953,3.1615,8.02663,10.6513,12.6666,-24.546,-16.7304,-24.4232
0.0260262,0.699896,0.475565,0.4634,0.459,3.17883,8.92216,12.0997,14.4192,-27.8006,-18.9289,-27.8622
0.0353594,0.442379,0.332229,0.458,0.451,3.18927,9.09264,11.273,13.4224,-25.7876,-17.9882,-26.3259
0.0540471,0.330849,0.143384,0.4657,0.4529,3.18569,9.42403,12.5098,13.8572,-27.6571,-18.8586,-27.0539
0.0603237,0.145609,0.145186,0.4588,0.4424,3.13139,9.18462,11.9781,12.2647,-24.3966,-17.1715,-25.0499
0.0147465,0.706228,0.636313,0.4819,0.3707,3.14433,7.78164,10.0855,12.8597,-24.3946,-16.7812,-24.6341
0.0183221,0.696894,0.58795,0.4234,0.4156,3.16335,7.96994,10.7861,12.3873,-24.5965,-16.3738,-23.9867
0.0172046,0.643486,0.42926,0.486,0.4626,3.18122,9.53975,12.0418,14.3968,-27.6518,-19.2318,-28.0258
0.0273554,0.642109,0.261883,0.4511,0.4389,3.18723,8.94597,11.9342,13.0706,-25.5849,-17.5745,-26.2078
0.0382596,0.674774,0.14748,0.4361,0.4355,3.16998,7.98731,11.3278,12.596,-24.8869,-16.8166,-24.6119
0.0342031,0.491729,0.155758,0.4446,0.434,3.18265,8.43653,11.5517,14.183,-27.0505,-18.4236,-28.5623
0.0626518,0.195392,0.134307,0.462,0.3668,3.18795,8.74586,11.6789,13.2832,-25.96,-17.6707,-25.8773
0.0177489,0.678808,0.640647,0.4869,0.3721,3.14772,7.82129,10.1158,13.5141,-27.1157,-17.7279,-25.329
0.0180342,0.738894,0.606341,0.4025,0.4019,3.16394,8.06939,10.6027,12.4731,-24.1457,-16.5968,-24.1785
0.0178239,0.664783,0.448979,0.4798,0.463,3.17853,9.15091,12.1559,14.6132,-28.0774,-19.7317,-28.2542
0.0287519,0.642779,0.262648,0.474,0.4686,3.18473,8.98371,12.68,14.379,-28.4708,-19.2734,-27.9254
0.0375376,0.674771,0.120988,0.4632,0.4488,3.18281,8.68106,12.2865,13.1907,-25.9742,-17.7656,-26.2938
0.03927,0.399899,0.130794,0.4432,0.443,3.18209,8.47291,11.4839,13.0927,-25.4551,-17.3574,-25.6504
0.0539444,0.212775,0.124362,0.4183,0.4075,3.17008,9.20965,11.6565,12.6565,-24.9608,-17.4685,-24.9663
0.0178875,0.67827,0.647487,0.4741,0.3673,3.15033,7.98935,10.0686,13.1124,-24.7397,-17.5268,-25.1067
0.0196844,0.675821,0.550821,0.439,0.4066,3.1676,8.21486,10.5749,12.6851,-24.3167,-16.9361,-25.3778
0.02706,0.664002,0.420193,0.4826,0.475,3.187,10.2358,13.9297,13.86,-27.8382,-19.0304,-28.0029
0.034329,0.667018,0.278971,0.4646,0.4616,3.18444,10.3989,12.1874,13.4963,-26.8089,-18.7651,-26.3646
0.0331783,0.653235,0.141415,0.4716,0.4704,3.17959,8.44205,11.5778,13.3459,-27.1056,-17.8414,-25.8083
0.0372306,0.423384,0.161431,0.4637,0.4491,3.18791,9.24677,11.5348,13.8894,-26.6659,-18.7442,-26.897
0.0732295,0.201967,0.15759,0.4506,0.4224,3.19014,9.55575,12.665,13.3743,-26.3942,-18.2898,-27.8392
0.0152145,0.676884,0.643481,0.4734,0.3638,3.14865,7.95136,10.0512,13.337,-26.0425,-17.6923,-25.0331
0.0214829,0.745332,0.605809,0.3983,0.3915,3.16088,7.91282,10.5804,12.309,-24.1648,-16.2996,-23.7891
0.0206437,0.657779,0.420619,0.4771,0.4693,3.18409,11.3645,12.9096,14.268,-28.2036,-20.1439,-27.906
0.0265602,0.664372,0.213867,0.4724,0.4634,3.18377,9.15957,13.2161,14.6748,-28.669,-19.7004,-28.968
0.0301772,0.339363,0.222817,0.4691,0.4621,3.19259,10.623,11.9587,13.8586,-26.7884,-21.8664,-27.2838
0.0529261,0.21851,0.151601,0.4537,0.4521,3.18431,8.59157,11.712,13.6332,-26.3138,-17.9938,-27.0271
0.0207392,0.705864,0.678765,0.473,0.3728,3.14838,8.01086,10.0921,13.2294,-25.1293,-18.4321,-24.9779
0.0209851,0.685137,0.558068,0.4299,0.4159,3.16457,8.12083,10.6857,12.4077,-24.8105,-16.4682,-23.9587
0.0235597,0.660426,0.450605,0.4816,0.479,3.17911,9.12567,13.4413,15.2183,-29.6912,-19.8072,-29.7064
0.0317113,0.636161,0.203883,0.4698,0.4636,3.17709,8.30494,11.446,13.1579,-26.0806,-17.3273,-25.4727
0.0298556,0.437346,0.214418,0.4662,0.4608,3.19293,9.48283,12.0081,13.9915,-26.9951,-18.7789,-27.8686
0.0638084,0.224148,0.230884,0.4555,0.4479,3.17303,8.68689,12.1783,13.2656,-26.7124,-17.7101,-25.9954
0.0199785,0.730601,0.681763,0.479,0.3748,3.14612,8.02356,10.1099,13.0918,-24.9737,-17.2235,-24.7622
0.0263725,0.780078,0.650752,0.3912,0.3858,3.15972,7.89163,10.6346,12.3606,-24.5199,-16.3065,-23.8688
0.0239544,0.679645,0.464533,0.4712,0.4666,3.1785,8.73489,12.1111,13.4056,-26.4127,-17.8184,-26.247
0.0283442,0.429426,0.325783,0.4821,0.4593,3.18457,9.46944,12.3903,14.6595,-28.1847,-19.5464,-29.5794
0.0366073,0.342343,0.221829,0.4514,0.4404,3.18818,8.63319,12.0015,13.1779,-26.302,-17.5157,-25.787
0.0617179,0.214276,0.162822,0.459,0.4582,3.1852,8.18199,13.0537,13.3597,-26.5677,-17.5065,-27.6827
0.0157388,0.699641,0.684643,0.4763,0.3719,3.15293,8.11253,10.1191,13.1772,-24.9449,-17.9279,-25.0119
0.0169548,0.764395,0.619693,0.3999,0.3931,3.16056,7.95756,10.6822,12.4186,-25.2212,-16.3975,-23.9696
0.0174958,0.639165,0.423756,0.4788,0.4738,3.18449,9.71714,12.6904,15.7337,-30.043,-20.6072,-30.1671
0.0175813,0.417194,0.324931,0.468,0.451,3.18951,9.26462,13.0443,14.0086,-27.6767,-18.6544,-27.695
0.0215923,0.331052,0.201748,0.4314,0.4292,3.18976,8.91177,11.5148,12.7463,-24.9327,-17.88,-25.1992
0.0236861,0.762788,0.704361,0.4724,0.3848,3.14803,7.92091,10.1734,13.2056,-24.9475,-17.181,-25.2291
0.019174,0.738022,0.591261,0.4038,0.4004,3.16418,8.09556,10.6656,12.4551,-24.2709,-16.5455,-24.0954
0.0209568,0.665675,0.437246,0.4788,0.467,3.18087,9.58471,14.8589,14.1716,-28.7706,-19.5646,-28.9341
0.0286782,0.447161,0.331193,0.4804,0.4472,3.18275,9.84262,11.9339,14.3591,-27.5847,-19.7247,-27.7633
0.0336207,0.321085,0.21493,0.4786,0.4602,3.18335,8.77127,11.7498,14.0875,-27.0066,-18.6004,-28.3649
0.0643721,0.223716,0.152299,0.3649,0.3629,3.02338,8.81596,11.0915,11.7389,-23.1834,-16.6411,-23.6038
0.0173748,0.71753,0.657483,0.476,0.3722,3.14807,7.8932,10.0972,12.9888,-24.7725,-17.0507,-24.6188
0.0143437,0.746575,0.600407,0.4008,0.3948,3.16138,7.99025,10.5834,12.3503,-24.0925,-16.3857,-23.8888
0.0243584,0.652382,0.423981,0.4775,0.4729,3.18484,10.6286,12.8271,15.6935,-30.0932,-21.4884,-30.1161
0.0294973,0.664324,0.280738,0.473,0.4692,3.18391,9.63376,12.6349,16.8611,-31.9315,-22.3694,-31.6649
0.0404733,0.64302,0.128049,0.4742,0.4618,3.18094,8.62932,12.0158,13.9211,-27.1972,-18.2514,-26.9498
0.0379384,0.428321,0.144999,0.4599,0.4105,3.18349,9.77979,11.2452,13.5336,-26.0129,-20.034,-26.158
0.0446696,0.242175,0.134392,0.4324,0.4188,3.1712,9.18015,11.963,12.7995,-25.5314,-17.4091,-25.2289
0.0191594,0.747672,0.695278,0.4728,0.3762,3.14656,8.00521,10.1229,13.0098,-24.7271,-17.0805,-24.7261
0.0141442,0.675089,0.557402,0.4231,0.4129,3.16786,8.2326,10.4879,12.2131,-24.0695,-16.3401,-23.5858
0.0182035,0.656353,0.427292,0.476,0.475,3.18448,10.0964,12.3278,14.3012,-27.8087,-20.2831,-27.7307
0.0265257,0.657065,0.270148,0.4776,0.4702,3.18179,9.69838,12.3741,13.3786,-26.2662,-18.4893,-26.904
0.0257852,0.687533,0.151002,0.4612,0.4606,3.17512,8.69074,12.7949,13.3521,-26.4681,-17.775,-26.8006
0.0283396,0.46504,0.173892,0.4763,0.4511,3.18894,9.06799,12.9476,14.9426,-29.9424,-19.6045,-28.8894
0.0534494,0.219903,0.150085,0.4381,0.3629,3.17743,8.15922,11.2079,12.373,-24.2644,-16.5605,-24.3781
0,0.770469,0.369637,0.3502,0.3184,3.07198,8.92715,11.5884,11.1715,-22.6647,-15.7351,-22.7469
0.018011,0.737954,0.611472,0.4036,0.3954,3.15873,7.92554,10.5604,12.3199,-24.2293,-16.3097,-23.7866
0.0241154,0.652834,0.450518,0.4742,0.4734,3.18157,9.47099,13.567,14.6826,-29.1276,-19.9164,-28.8638
0.035329,0.6696,0.288158,0.479,0.4766,3.17958,8.83175,12.8624,13.7133,-27.5355,-18.7391,-27.0205
0.0410938,0.691977,0.155615,0.441,0.4306,3.16675,7.94663,11.4222,12.4053,-24.7065,-16.598,-24.359
0.0417278,0.466995,0.155911,0.4506,0.4336,3.17967,8.41614,12.1914,13.2952,-26.1294,-17.5262,-26.2716
0.0521433,0.207609,0.141787,0.4711,0.4163,3.18737,9.37664,12.0515,14.5827,-27.9368,-19.2812,-28.3023
0.014428,0.739779,0.666467,0.473,0.3722,3.14591,7.82031,10.1433,12.5945,-24.0231,-16.5335,-24.273
0.0214015,0.681064,0.60719,0.4371,0.4077,3.16221,7.98815,10.4591,12.2466,-24.0829,-16.2428,-23.6243
0.0208882,0.670074,0.462928,0.4411,0.4321,3.16594,9.38267,11.8615,12.4475,-24.779,-17.3126,-24.7289
0.0267518,0.690901,0.311719,0.4532,0.4532,3.17868,8.77759,11.5125,13.3138,-25.8913,-18.0448,-25.8645
0.0349979,0.660964,0.140179,0.4739,0.4563,3.17726,8.50581,11.5473,13.1747,-25.7682,-17.6148,-25.6269
0.0477567,0.390913,0.135721,0.4623,0.4471,3.18747,9.05147,11.9619,14.0892,-27.7673,-19.3561,-27.1259
0.0179508,0.757045,0.699546,0.4757,0.3749,3.14607,7.96991,10.1418,12.9983,-24.7869,-17.073,-24.6672
0.0157271,0.697023,0.589556,0.4399,0.4189,3.16284,8.04172,10.6919,12.4332,-24.2538,-16.5194,-24.0746
0.0278753,0.698781,0.291426,0.4722,0.4544,3.17871,8.51091,12.0403,13.6323,-26.5136,-18.3427,-26.8324
0.0292265,0.685747,0.13718,0.4702,0.456,3.18061,8.80591,12.114,13.578,-26.5356,-18.0318,-26.622
0.0302272,0.495906,0.152478,0.4487,0.4151,3.18211,11.6359,12.092,13.3445,-26.9356,-19.1996,-26.0668
0.0469741,0.218092,0.135298,0.439,0.417,3.18896,8.63119,11.3443,13.9359,-26.7427,-18.7231,-26.7113
0.0168303,0.774165,0.720441,0.4718,0.373,3.14589,7.95088,10.1315,12.9594,-24.6514,-16.9892,-24.6594
0.0218105,0.689221,0.599868,0.4285,0.4019,3.16086,7.81265,10.6176,11.9298,-23.3595,-15.8406,-23.3487
0.0251825,0.694093,0.457249,0.4712,0.4646,3.18202,9.03663,12.4014,14.6686,-28.2498,-20.0478,-28.5623
0.0287261,0.653254,0.281988,0.474,0.467,3.18299,9.30296,13.141,14.0008,-27.8505,-19.4145,-27.6421
0.0246938,0.693291,0.162187,0.4771,0.4521,3.18158,8.61472,11.4033,13.8517,-26.5285,-18.3864,-26.8256
0.0278209,0.409841,0.140241,0.4562,0.4104,3.17795,8.49734,10.8077,12.8451,-24.7177,-17.3529,-25.0302
0.0186194,0.763046,0.641797,0.476,0.3772,3.14055,7.5353,10.1674,12.1468,-23.3366,-15.9235,-23.7316
0.0200378,0.718413,0.608609,0.4414,0.4146,3.16148,7.96006,10.71,12.7251,-24.7775,-16.7532,-24.4949
0.0210691,0.673197,0.465067,0.4799,0.4761,3.17858,8.81242,12.9044,13.4474,-26.6424,-17.8546,-27.1612
0.0295427,0.678996,0.285987,0.4737,0.4733,3.17931,8.5955,11.8591,13.4005,-27.0854,-17.7682,-26.0319
0.0321916,0.649447,0.142284,0.4401,0.4337,3.18195,8.61692,11.4487,12.8282,-25.0111,-18.9272,-25.3333
0.0314149,0.339929,0.134068,0.4402,0.3966,3.18268,8.63275,13.3181,12.6881,-25.7428,-17.0072,-26.0287
0.0209627,0.752756,0.691824,0.4746,0.374,3.14676,7.92631,10.1387,12.9416,-24.5204,-16.9197,-24.876
0.0212266,0.694812,0.594264,0.4454,0.4232,3.16007,7.96098,10.6782,12.4045,-24.6523,-16.3915,-23.9544
0.0183895,0.678116,0.477803,0.4791,0.4731,3.17853,8.58113,12.7881,14.0421,-27.8906,-18.3653,-27.4889
0.0396738,0.687961,0.305403,0.4777,0.4761,3.17837,8.67252,12.4791,13.942,-28.7459,-18.5621,-27.1527
0.0390553,0.692997,0.146993,0.4488,0.4376,3.17933,8.19622,11.9745,13.1833,-25.8487,-17.3335,-26.0039
0.0353196,0.399856,0.174436,0.452,0.432,3.18535,8.92737,11.6027,13.2754,-25.8011,-17.8039,-25.9556
0.189468,0.371262,0.197764,0.3635,0.3239,3.1034,8.01128,9.70024,11.8097,-22.6786,-15.8192,-22.7593
0.0216014,0.77289,0.710328,0.4708,0.378,3.14644,7.93839,10.1514,12.9823,-24.7101,-17.0105,-24.6897
0.0201926,0.673628,0.490124,0.4787,0.4725,3.17768,8.53191,12.2192,14.5487,-28.4228,-18.8398,-27.9566
0.0333766,0.696212,0.326533,0.4762,0.4604,3.17709,8.45618,13.3284,13.7064,-27.3668,-18.1517,-27.382
0.0365632,0.665271,0.136013,0.4668,0.456,3.17875,8.65253,11.7988,12.8315,-25.3208,-17.1589,-25.2757
0.030923,0.387485,0.167556,0.4576,0.4314,3.18335,8.65347,11.4368,13.8466,-26.5825,-18.5,-26.7149
0.175647,0.348872,0.191225,0.3466,0.3172,3.09275,8.32228,9.66696,11.6502,-22.3586,-16.6673,-22.6527
0.0231234,0.750211,0.689614,0.467,0.3746,3.14676,7.95403,10.1163,12.9303,-24.4919,-16.9251,-24.8487
0.0222784,0.692515,0.465473,0.4786,0.4754,3.17941,8.7871,12.6566,14.1437,-27.645,-18.5442,-27.7585
0.0299569,0.652125,0.211161,0.4378,0.4196,3.17757,8.38914,11.0709,12.3191,-24.0149,-16.7582,-25.21
0.0315284,0.438094,0.222485,0.468,0.4658,3.19004,9.90209,12.1604,13.6192,-27.0773,-18.8009,-26.5255
0.045939,0.223994,0.219645,0.4701,0.4497,3.182,10.3612,11.7181,12.9818,-25.4107,-18.2104,-25.5899
0.0170313,0.756119,0.69855,0.4684,0.375,3.14573,7.93879,10.142,12.9219,-24.8119,-17.0233,-24.5002
0.0201578,0.768067,0.623871,0.3933,0.3895,3.16142,7.93289,10.6305,12.4773,-24.6121,-16.453,-24.0466
0.022675,0.683316,0.442619,0.464,0.4632,3.18389,9.96817,12.387,15.19,-29.1557,-20.2325,-29.1053
0.0322459,0.659276,0.212271,0.4687,0.4329,3.18513,8.37282,11.1885,12.7885,-24.784,-17.6587,-25.5256
0.0304101,0.420856,0.204362,0.4537,0.4413,3.19351,9.34505,11.3835,13.2129,-26.0333,-19.2536,-25.5316
0.0188284,0.675783,0.637571,0.4653,0.3547,3.14505,7.9592,10.0133,12.6619,-24.1517,-16.7879,-24.1482
0.0190462,0.663307,0.416949,0.4681,0.4679,3.18055,9.40344,12.1035,13.8544,-26.9374,-18.7289,-27.043
0.0319709,0.625297,0.256181,0.4556,0.4234,3.17642,8.18801,10.8016,12.9266,-24.7937,-17.2782,-25.7192
0.0404344,0.641305,0.113114,0.4766,0.4632,3.18035,8.5806,11.61,13.2601,-26.424,-17.838,-25.7029
0.043262,0.400232,0.121418,0.4595,0.4369,3.19287,9.13106,12.1416,13.4844,-26.3074,-18.4939,-26.9716
0.0147517,0.694417,0.652728,0.4623,0.3671,3.1486,8.10819,10.0823,13.0473,-24.6867,-17.4998,-24.8804
0.0207449,0.740142,0.601584,0.3995,0.3935,3.15606,7.88811,10.6034,12.1703,-25.2729,-16.1201,-23.5572
0.0221215,0.649376,0.424526,0.4661,0.4619,3.17621,9.19756,13.0921,13.5861,-27.1802,-19.444,-27.0056
0.0297775,0.655897,0.263353,0.45,0.418,3.17382,8.46194,10.9664,12.4556,-24.2218,-16.9978,-24.4909
0.046154,0.634155,0.129343,0.4355,0.4125,3.17088,7.97851,10.8397,12.1329,-23.742,-16.2609,-23.8014
0.0478416,0.404383,0.136606,0.4244,0.4198,3.17686,8.97211,11.234,12.6202,-24.6815,-17.2193,-24.7154
0.0577319,0.254807,0.168524,0.4139,0.3343,3.17306,8.03833,11.481,12.0442,-23.8068,-16.4814,-25.9698
0.0132723,0.693699,0.653636,0.4696,0.3698,3.14905,8.08004,10.1357,13.0082,-24.5866,-17.0552,-25.3471
0.0197541,0.67797,0.557251,0.4397,0.4199,3.15951,7.93677,10.6801,12.3802,-25.439,-16.3529,-23.9105
0.0202552,0.67187,0.431267,0.4704,0.4624,3.17992,9.21282,12.2326,13.6569,-26.6851,-18.6827,-26.8499
0.0272621,0.678271,0.264919,0.4565,0.4389,3.17784,9.06289,12.1892,12.787,-25.4906,-17.5279,-25.3756
0.0416412,0.71891,0.145739,0.4591,0.4487,3.17189,8.38866,12.2499,13.4232,-26.3281,-17.8374,-26.5441
0.0440595,0.480728,0.145463,0.4523,0.4427,3.17334,8.49813,11.7794,12.7179,-24.9827,-16.9673,-25.5389
0.0618256,0.184047,0.129269,0.4569,0.4355,3.18953,9.65327,11.6175,14.5479,-28.2645,-19.3854,-27.6426
0.0278929,0.724873,0.661709,0.4624,0.3678,3.14972,8.02458,10.0894,13.1801,-24.8802,-17.2408,-25.1077
0.0343666,0.682523,0.576089,0.4374,0.4262,3.16064,7.89414,10.8339,12.3959,-24.8346,-16.358,-24.0158
0.0348734,0.685905,0.421941,0.4641,0.4425,3.1833,10.0116,12.0607,13.934,-27.0376,-20.1388,-27.1376
0.0355542,0.438582,0.347594,0.4782,0.4668,3.1845,9.00767,12.1121,13.8446,-26.8636,-18.3506,-27.207
0.0370273,0.323192,0.282887,0.4633,0.4501,3.18429,8.94026,11.1167,13.4029,-26.0349,-18.6176,-25.7058
0.0510626,0.221676,0.219277,0.4063,0.3943,3.1638,8.49646,12.4238,11.591,-23.8319,-15.86,-23.6891
0.0147459,0.697682,0.666895,0.4722,0.3698,3.14898,8.11337,10.097,13.0159,-24.6857,-17.5617,-24.7678
0.016759,0.741192,0.571375,0.3969,0.3841,3.15834,7.99403,10.5609,12.4067,-24.1401,-16.4543,-23.9732
0.0207513,0.695985,0.440655,0.4707,0.4645,3.18096,9.12675,13.1484,14.4486,-28.3085,-19.3128,-28.5513
0.0252946,0.432376,0.331909,0.4788,0.4632,3.18799,9.67761,11.6648,13.7435,-26.5739,-18.6971,-26.6254
0.0335351,0.396553,0.313553,0.4534,0.427,3.18834,8.57682,11.7852,13.8521,-26.6924,-18.1681,-27.1832
0.0322495,0.355758,0.159142,0.4478,0.4434,3.18664,8.93385,11.7895,13.7654,-27.5307,-18.4695,-26.5452
0.058557,0.247346,0.245702,0.4378,0.4086,3.1628,8.27331,11.4168,12.0197,-23.8368,-17.38,-23.9562
0.0255431,0.624961,0.603103,0.4579,0.3839,3.16136,7.97688,10.3312,12.9814,-24.6377,-17.2814,-26.5166
0.0247071,0.707365,0.536248,0.4026,0.394,3.15797,8.24401,10.6257,12.4502,-24.2741,-16.6544,-24.0558
0.0258781,0.438743,0.386779,0.4467,0.4237,3.18695,8.35886,11.3514,13.6044,-26.177,-18.4277,-26.3082
0.0344,0.358891,0.293501,0.4331,0.4189,3.18201,9.57676,10.8433,12.9901,-25.1451,-17.7969,-24.9949
0.060222,0.207915,0.231557,0.4302,0.402,3.1417,7.95821,10.9252,11.5003,-22.7823,-15.7432,-22.9948
0.024604,0.763761,0.703857,0.4705,0.3767,3.14663,7.90756,10.1363,12.9979,-24.5805,-16.9546,-25.1451
0.0212076,0.743925,0.615861,0.4139,0.4081,3.15785,7.88985,10.6423,12.3077,-24.1288,-16.3183,-23.8319
0.0265383,0.697251,0.45502,0.4709,0.4591,3.17899,8.85183,12.1194,14.4225,-27.6945,-18.887,-28.8613
0.0321503,0.678634,0.226778,0.4528,0.4402,3.18134,8.44986,11.468,12.7356,-24.8682,-17.2128,-25.2769
0.0312325,0.312316,0.226692,0.4725,0.4383,3.18655,9.02489,11.2568,14.3495,-27.1612,-18.8657,-27.8611
0.0563382,0.208968,0.120902,0.4516,0.447,3.19019,9.55281,11.5443,13.1458,-25.5003,-18.639,-26.1762
0.0158753,0.685229,0.644007,0.4698,0.3696,3.14748,8.12559,10.0755,12.9331,-24.607,-17.0183,-24.5703
0.0208379,0.680831,0.538656,0.4322,0.4084,3.16564,8.21923,10.7212,12.5912,-24.2977,-18.094,-24.5899
0.0211562,0.651453,0.40589,0.4655,0.4489,3.17915,9.54604,12.4506,13.5041,-26.5245,-18.2779,-26.8539
0.0319852,0.679064,0.204992,0.4499,0.4369,3.17962,8.326,11.414,12.3782,-24.6859,-16.8191,-24.3097
0.03756,0.297411,0.207596,0.4646,0.451,3.18644,8.69497,11.5652,13.8034,-26.7981,-18.4137,-26.5471
0.0462029,0.199058,0.137853,0.4177,0.3691,3.17113,8.25313,10.9681,12.2322,-23.8762,-16.3739,-24.2011
0.0245637,0.789178,0.774964,0.4736,0.3808,3.1491,8.02623,10.1722,13.3723,-26.2243,-17.7312,-25.1461
0.0227863,0.683128,0.580029,0.438,0.4162,3.16505,8.12012,10.7152,12.5079,-24.6402,-16.5889,-24.1401
0.0215842,0.694533,0.490423,0.4713,0.4667,3.17976,8.68618,12.3257,14.4436,-28.4953,-18.9035,-27.8386
0.0363316,0.6942,0.310547,0.4568,0.4438,3.18289,8.71917,12.2497,13.781,-28.0909,-18.213,-26.7969
0.037283,0.640223,0.142506,0.4679,0.4413,3.1845,8.51843,14.3819,13.9335,-28.0912,-18.2088,-30.5302
0.0418764,0.371879,0.149245,0.4311,0.3723,3.18553,8.70535,11.0506,13.059,-25.1392,-19.03,-25.593
0.0535353,0.146747,0.123129,0.4575,0.4535,3.19271,9.17424,12.0645,14.2239,-27.374,-18.8159,-28.1567
0.0128472,0.732216,0.678405,0.465,0.3644,3.14909,8.0399,10.0792,12.9905,-24.6023,-17.0708,-24.7881
0.0177595,0.723987,0.587422,0.4354,0.4194,3.15947,7.93565,10.695,12.7186,-24.79,-16.713,-24.4703
0.0193709,0.696785,0.459606,0.4735,0.4697,3.17594,8.54997,12.5852,15.2177,-29.5728,-19.6503,-29.1479
0.0262767,0.672429,0.208614,0.4625,0.4505,3.18333,8.65424,12.2198,13.2097,-25.9262,-17.7196,-26.978
0.0344227,0.249318,0.252897,0.4798,0.4706,3.19237,8.99116,12.6044,13.7546,-27.1081,-18.2631,-27.0636
0.0202647,0.730666,0.668207,0.456,0.367,3.14568,7.94491,10.07,12.9188,-24.5229,-16.9685,-24.6138
0.0139293,0.719038,0.557742,0.4191,0.3849,3.15264,7.99333,10.4815,12.7054,-24.3789,-16.8645,-24.5543
0.0179034,0.672939,0.408054,0.465,0.452,3.174,9.07918,11.826,12.7532,-25.2744,-17.2938,-25.1344
0.0396332,0.466403,0.203064,0.4422,0.4324,3.18468,9.62827,11.5712,12.5603,-25.5089,-17.3759,-24.6297
0.017566,0.768487,0.69269,0.4691,0.3709,3.14621,7.91318,10.134,12.6887,-24.126,-16.6484,-24.5741
0.0227711,0.768828,0.593353,0.4028,0.3904,3.1513,7.88423,10.5559,12.4713,-24.8515,-16.4156,-23.9889
0.0236334,0.701894,0.460263,0.4709,0.4603,3.17165,8.21028,11.78,13.7024,-26.6181,-17.8796,-26.5726
0.0384334,0.67432,0.201878,0.4516,0.4382,3.17467,8.39743,11.3892,12.4948,-25.3783,-17.3813,-24.4397
0.0355497,0.498891,0.235923,0.4462,0.4256,3.18673,8.54073,11.6987,13.0882,-26.1448,-17.43,-25.4921
0.0433787,0.27503,0.23218,0.4234,0.4006,3.18248,8.192,11.2777,12.5007,-24.3902,-16.6385,-25.9134
0.0168453,0.833073,0.758459,0.4606,0.3756,3.14482,7.853,10.1151,12.676,-25.428,-17.0752,-24.0719
0.0175468,0.711869,0.554127,0.425,0.4246,3.15908,8.07712,10.842,12.4401,-24.2209,-16.5984,-24.2429
0.0302369,0.729509,0.463668,0.466,0.4324,3.17245,8.33695,11.3541,13.7373,-26.3644,-17.9294,-26.5354
0.0282134,0.433171,0.328136,0.4684,0.448,3.17816,9.13014,11.1734,12.626,-26.682,-17.5379,-24.5258
0.0352309,0.373244,0.230603,0.4444,0.4156,3.18618,9.41969,11.9064,13.9477,-26.8928,-19.061,-27.4235
0.0538339,0.227677,0.191886,0.4035,0.3737,3.15679,7.88695,11.5604,11.6476,-23.2661,-15.6219,-23.8481
0.0190984,0.713133,0.685578,0.4695,0.3787,3.14757,8.0176,10.1175,13.2728,-25.2226,-19.0577,-25.0485
0.0198278,0.653428,0.445075,0.4764,0.4696,3.18399,9.65419,12.9096,14.8458,-28.7246,-20.0638,-29.8823
0.0306641,0.661772,0.266891,0.4832,0.4658,3.18457,9.64675,12.5418,13.3926,-26.5055,-18.2166,-26.5154
0.0364962,0.654834,0.145449,0.4644,0.458,3.18564,8.67749,12.2251,12.9556,-26.7167,-17.3994,-25.5469
0.042498,0.368594,0.177047,0.4598,0.4296,3.18293,8.75254,11.6788,13.9088,-26.9635,-18.3748,-26.7803
0.0552953,0.236121,0.254249,0.4314,0.3938,3.17597,7.98453,11.3405,12.3873,-24.707,-16.8678,-24.2795
0.0155074,0.706509,0.663077,0.4637,0.3749,3.14719,8.10532,10.0866,12.9636,-24.6228,-17.6808,-24.657
0.0225394,0.677109,0.409102,0.4564,0.4514,3.17472,8.82224,12.0291,13.5219,-26.2982,-17.9561,-27.5518
0.0466766,0.750911,0.227392,0.4401,0.4181,3.17732,9.36144,11.7229,12.7989,-25.0725,-17.6882,-25.6815
0.0347391,0.323833,0.219617,0.4649,0.4473,3.18518,9.17632,11.5728,13.0883,-25.4277,-17.6776,-26.1199
0.0490456,0.196658,0.137883,0.4087,0.3891,3.16334,8.33217,10.9945,13.8648,-27.0727,-19.7123,-26.3006
